Well postion 384;Column;Row;Plate 246;Plate 090;Plate 091;Plate 092;Plate 093;Plate ss2_22_126
A1;1;1;CD49b-;CD49b-;CD49b-;CD49b-;CD49b-;CD49b-
B1;1;2;CD49b-;CD49b-;CD49b-;CD49b-;CD49b-;CD49b-
C1;1;3;CD49b-;CD49b-;CD49b-;CD49b-;CD49b-;CD49b-
D1;1;4;CD49b-;CD49b-;CD49b-;CD49b-;CD49b-;CD49b-
E1;1;5;CD49b-;CD49b-;CD49b-;CD49b-;CD49b-;CD49b-
F1;1;6;CD49b-;CD49b-;CD49b-;CD49b-;CD49b-;CD49b-
G1;1;7;CD49b-;CD49b-;CD49b-;CD49b-;CD49b-;CD49b-
H1;1;8;CD49b-;CD49b-;CD49b-;CD49b-;CD49b-;CD49b-
I1;1;9;CD49b-;CD49b-;CD49b-;CD49b-;CD49b-;CD49b-
J1;1;10;CD49b-;CD49b-;CD49b-;CD49b-;CD49b-;CD49b-
K1;1;11;CD49b-;CD49b-;CD49b-;CD49b-;CD49b-;CD49b-
L1;1;12;CD49b-;CD49b-;CD49b-;CD49b-;CD49b-;CD49b-
M1;1;13;CD49b-;CD49b-;CD49b-;CD49b-;CD49b-;CD49b-
N1;1;14;CD49b-;CD49b-;CD49b-;CD49b-;CD49b-;CD49b-
O1;1;15;CD49b-;CD49b-;CD49b-;CD49b-;CD49b-;CD49b-
P1;1;16;CD49b-;CD49b-;CD49b-;CD49b-;CD49b-;CD49b-
A2;2;1;CD49b+;CD49b+;CD49b+;CD49b-;CD49b-;CD49b-
B2;2;2;CD49b+;CD49b+;CD49b+;CD49b-;CD49b-;CD49b-
C2;2;3;CD49b+;CD49b+;CD49b+;CD49b-;CD49b-;CD49b-
D2;2;4;CD49b+;CD49b+;CD49b+;CD49b-;CD49b-;CD49b-
E2;2;5;CD49b+;CD49b+;CD49b+;CD49b-;CD49b-;CD49b-
F2;2;6;CD49b+;CD49b+;CD49b+;CD49b-;CD49b-;CD49b-
G2;2;7;CD49b+;CD49b+;CD49b+;CD49b-;CD49b-;CD49b-
H2;2;8;CD49b+;CD49b+;CD49b+;CD49b-;CD49b-;CD49b-
I2;2;9;CD49b+;CD49b+;CD49b+;CD49b-;CD49b-;CD49b-
J2;2;10;CD49b+;CD49b+;CD49b+;CD49b-;CD49b-;CD49b-
K2;2;11;CD49b+;CD49b+;CD49b+;CD49b-;CD49b-;CD49b-
L2;2;12;CD49b+;CD49b+;CD49b+;CD49b-;CD49b-;CD49b-
M2;2;13;CD49b+;CD49b+;CD49b+;CD49b-;CD49b-;CD49b-
N2;2;14;CD49b+;CD49b+;CD49b+;CD49b-;CD49b-;CD49b-
O2;2;15;CD49b+;CD49b+;CD49b+;CD49b-;CD49b-;CD49b-
P2;2;16;CD49b+;CD49b+;CD49b+;CD49b-;CD49b-;CD49b-
A3;3;1;CD150int;CD150int;CD150int;CD49b-;CD49b-;CD49b-
B3;3;2;CD150int;CD150int;CD150int;CD49b-;CD49b-;CD49b-
C3;3;3;CD150int;CD150int;CD150int;CD49b-;CD49b-;CD49b-
D3;3;4;CD150int;CD150int;CD150int;CD49b-;CD49b-;CD49b-
E3;3;5;CD150int;CD150int;CD150int;CD49b-;CD49b-;CD49b-
F3;3;6;CD150int;CD150int;CD150int;CD49b-;CD49b-;CD49b-
G3;3;7;CD150int;CD150int;CD150int;CD49b-;CD49b-;CD49b-
H3;3;8;CD150int;CD150int;CD150int;CD49b-;CD49b-;CD49b-
I3;3;9;CD150int;CD150int;CD150int;CD49b-;CD49b-;CD49b-
J3;3;10;CD150int;CD150int;CD150int;CD49b-;CD49b-;CD49b-
K3;3;11;CD150int;CD150int;CD150int;CD49b-;CD49b-;CD49b-
L3;3;12;CD150int;CD150int;CD150int;CD49b-;CD49b-;CD49b-
M3;3;13;CD150int;CD150int;CD150int;CD49b-;CD49b-;CD49b-
N3;3;14;CD150int;CD150int;CD150int;CD49b-;CD49b-;CD49b-
O3;3;15;CD150int;CD150int;CD150int;CD49b-;CD49b-;CD49b-
P3;3;16;CD150int;CD150int;CD150int;CD49b-;CD49b-;CD49b-
A4;4;1;CD150-;CD150-;CD150-;CD49b+;CD49b+;CD49b+
B4;4;2;CD150-;CD150-;CD150-;CD49b+;CD49b+;CD49b+
C4;4;3;CD150-;CD150-;CD150-;CD49b+;CD49b+;CD49b+
D4;4;4;CD150-;CD150-;CD150-;CD49b+;CD49b+;CD49b+
E4;4;5;CD150-;CD150-;CD150-;CD49b+;CD49b+;CD49b+
F4;4;6;CD150-;CD150-;CD150-;CD49b+;CD49b+;CD49b+
G4;4;7;CD150-;CD150-;CD150-;CD49b+;CD49b+;CD49b+
H4;4;8;CD150-;CD150-;CD150-;CD49b+;CD49b+;CD49b+
I4;4;9;CD150-;CD150-;CD150-;CD49b+;CD49b+;CD49b+
J4;4;10;CD150-;CD150-;CD150-;CD49b+;CD49b+;CD49b+
K4;4;11;CD150-;CD150-;CD150-;CD49b+;CD49b+;CD49b+
L4;4;12;CD150-;CD150-;CD150-;CD49b+;CD49b+;CD49b+
M4;4;13;CD150-;CD150-;CD150-;CD49b+;CD49b+;CD49b+
N4;4;14;CD150-;CD150-;CD150-;CD49b+;CD49b+;CD49b+
O4;4;15;CD150-;CD150-;CD150-;CD49b+;CD49b+;CD49b+
P4;4;16;CD150-;CD150-;CD150-;CD49b+;CD49b+;CD49b+
A5;5;1;LMPP;CD49b-;CD49b-;CD49b+;CD49b+;CD49b+
B5;5;2;LMPP;CD49b-;CD49b-;CD49b+;CD49b+;CD49b+
C5;5;3;LMPP;CD49b-;CD49b-;CD49b+;CD49b+;CD49b+
D5;5;4;LMPP;CD49b-;CD49b-;CD49b+;CD49b+;CD49b+
E5;5;5;LMPP;CD49b-;CD49b-;CD49b+;CD49b+;CD49b+
F5;5;6;LMPP;CD49b-;CD49b-;CD49b+;CD49b+;CD49b+
G5;5;7;LMPP;CD49b-;CD49b-;CD49b+;CD49b+;CD49b+
H5;5;8;LMPP;CD49b-;CD49b-;CD49b+;CD49b+;CD49b+
I5;5;9;LMPP;CD49b-;CD49b-;CD49b+;CD49b+;CD49b+
J5;5;10;LMPP;CD49b-;CD49b-;CD49b+;CD49b+;CD49b+
K5;5;11;LMPP;CD49b-;CD49b-;CD49b+;CD49b+;CD49b+
L5;5;12;LMPP;CD49b-;CD49b-;CD49b+;CD49b+;CD49b+
M5;5;13;LMPP;CD49b-;CD49b-;CD49b+;CD49b+;CD49b+
N5;5;14;LMPP;CD49b-;CD49b-;CD49b+;CD49b+;CD49b+
O5;5;15;LMPP;CD49b-;CD49b-;CD49b+;CD49b+;CD49b+
P5;5;16;LMPP;CD49b-;CD49b-;CD49b+;CD49b+;CD49b+
A6;6;1;GMP;CD49b+;CD49b+;CD49b+;CD49b+;CD49b+
B6;6;2;GMP;CD49b+;CD49b+;CD49b+;CD49b+;CD49b+
C6;6;3;GMP;CD49b+;CD49b+;CD49b+;CD49b+;CD49b+
D6;6;4;GMP;CD49b+;CD49b+;CD49b+;CD49b+;CD49b+
E6;6;5;GMP;CD49b+;CD49b+;CD49b+;CD49b+;CD49b+
F6;6;6;GMP;CD49b+;CD49b+;CD49b+;CD49b+;CD49b+
G6;6;7;GMP;CD49b+;CD49b+;CD49b+;CD49b+;CD49b+
H6;6;8;GMP;CD49b+;CD49b+;CD49b+;CD49b+;CD49b+
I6;6;9;GMP;CD49b+;CD49b+;CD49b+;CD49b+;CD49b+
J6;6;10;GMP;CD49b+;CD49b+;CD49b+;CD49b+;CD49b+
K6;6;11;GMP;CD49b+;CD49b+;CD49b+;CD49b+;CD49b+
L6;6;12;GMP;CD49b+;CD49b+;CD49b+;CD49b+;CD49b+
M6;6;13;GMP;CD49b+;CD49b+;CD49b+;CD49b+;CD49b+
N6;6;14;GMP;CD49b+;CD49b+;CD49b+;CD49b+;CD49b+
O6;6;15;GMP;CD49b+;CD49b+;CD49b+;CD49b+;CD49b+
P6;6;16;GMP;CD49b+;CD49b+;CD49b+;CD49b+;CD49b+
A7;7;1;CD49b-;CD150int;CD150int;CD150int;CD150int;LMPP
B7;7;2;CD49b-;CD150int;CD150int;CD150int;CD150int;LMPP
C7;7;3;CD49b-;CD150int;CD150int;CD150int;CD150int;LMPP
D7;7;4;CD49b-;CD150int;CD150int;CD150int;CD150int;LMPP
E7;7;5;CD49b-;CD150int;CD150int;CD150int;CD150int;LMPP
F7;7;6;CD49b-;CD150int;CD150int;CD150int;CD150int;LMPP
G7;7;7;CD49b-;CD150int;CD150int;CD150int;CD150int;LMPP
H7;7;8;CD49b-;CD150int;CD150int;CD150int;CD150int;LMPP
I7;7;9;CD49b-;CD150int;CD150int;CD150int;CD150int;LMPP
J7;7;10;CD49b-;CD150int;CD150int;CD150int;CD150int;LMPP
K7;7;11;CD49b-;CD150int;CD150int;CD150int;CD150int;LMPP
L7;7;12;CD49b-;CD150int;CD150int;CD150int;CD150int;LMPP
M7;7;13;CD49b-;CD150int;CD150int;CD150int;CD150int;LMPP
N7;7;14;CD49b-;CD150int;CD150int;CD150int;CD150int;LMPP
O7;7;15;CD49b-;CD150int;CD150int;CD150int;CD150int;LMPP
P7;7;16;CD49b-;CD150int;CD150int;CD150int;CD150int;LMPP
A8;8;1;CD49b+;CD150-;CD150-;CD150int;CD150int;GMP
B8;8;2;CD49b+;CD150-;CD150-;CD150int;CD150int;GMP
C8;8;3;CD49b+;CD150-;CD150-;CD150int;CD150int;GMP
D8;8;4;CD49b+;CD150-;CD150-;CD150int;CD150int;GMP
E8;8;5;CD49b+;CD150-;CD150-;CD150int;CD150int;GMP
F8;8;6;CD49b+;CD150-;CD150-;CD150int;CD150int;GMP
G8;8;7;CD49b+;CD150-;CD150-;CD150int;CD150int;GMP
H8;8;8;CD49b+;CD150-;CD150-;CD150int;CD150int;GMP
I8;8;9;CD49b+;CD150-;CD150-;CD150int;CD150int;GMP
J8;8;10;CD49b+;CD150-;CD150-;CD150int;CD150int;GMP
K8;8;11;CD49b+;CD150-;CD150-;CD150int;CD150int;GMP
L8;8;12;CD49b+;CD150-;CD150-;CD150int;CD150int;GMP
M8;8;13;CD49b+;CD150-;CD150-;CD150int;CD150int;GMP
N8;8;14;CD49b+;CD150-;CD150-;CD150int;CD150int;GMP
O8;8;15;CD49b+;CD150-;CD150-;CD150int;CD150int;GMP
P8;8;16;CD49b+;CD150-;CD150-;CD150int;CD150int;GMP
A9;9;1;CD150int;CD49b-;CD49b-;CD150-;CD150-;CD49b-
B9;9;2;CD150int;CD49b-;CD49b-;CD150-;CD150-;CD49b-
C9;9;3;CD150int;CD49b-;CD49b-;CD150-;CD150-;CD49b-
D9;9;4;CD150int;CD49b-;CD49b-;CD150-;CD150-;CD49b-
E9;9;5;CD150int;CD49b-;CD49b-;CD150-;CD150-;CD49b-
F9;9;6;CD150int;CD49b-;CD49b-;CD150-;CD150-;CD49b-
G9;9;7;CD150int;CD49b-;CD49b-;CD150-;CD150-;CD49b-
H9;9;8;CD150int;CD49b-;CD49b-;CD150-;CD150-;CD49b-
I9;9;9;CD150int;CD49b-;CD49b-;CD150-;CD150-;CD49b-
J9;9;10;CD150int;CD49b-;CD49b-;CD150-;CD150-;CD49b-
K9;9;11;CD150int;CD49b-;CD49b-;CD150-;CD150-;CD49b-
L9;9;12;CD150int;CD49b-;CD49b-;CD150-;CD150-;CD49b-
M9;9;13;CD150int;CD49b-;CD49b-;CD150-;CD150-;CD49b-
N9;9;14;CD150int;CD49b-;CD49b-;CD150-;CD150-;CD49b-
O9;9;15;CD150int;CD49b-;CD49b-;CD150-;CD150-;CD49b-
P9;9;16;CD150int;CD49b-;CD49b-;CD150-;CD150-;CD49b-
A10;10;1;CD150-;CD49b+;CD49b+;CD150-;CD150-;CD49b-
B10;10;2;CD150-;CD49b+;CD49b+;CD150-;CD150-;CD49b-
C10;10;3;CD150-;CD49b+;CD49b+;CD150-;CD150-;CD49b-
D10;10;4;CD150-;CD49b+;CD49b+;CD150-;CD150-;CD49b-
E10;10;5;CD150-;CD49b+;CD49b+;CD150-;CD150-;CD49b-
F10;10;6;CD150-;CD49b+;CD49b+;CD150-;CD150-;CD49b-
G10;10;7;CD150-;CD49b+;CD49b+;CD150-;CD150-;CD49b-
H10;10;8;CD150-;CD49b+;CD49b+;CD150-;CD150-;CD49b-
I10;10;9;CD150-;CD49b+;CD49b+;CD150-;CD150-;CD49b-
J10;10;10;CD150-;CD49b+;CD49b+;CD150-;CD150-;CD49b-
K10;10;11;CD150-;CD49b+;CD49b+;CD150-;CD150-;CD49b-
L10;10;12;CD150-;CD49b+;CD49b+;CD150-;CD150-;CD49b-
M10;10;13;CD150-;CD49b+;CD49b+;CD150-;CD150-;CD49b-
N10;10;14;CD150-;CD49b+;CD49b+;CD150-;CD150-;CD49b-
O10;10;15;CD150-;CD49b+;CD49b+;CD150-;CD150-;CD49b-
P10;10;16;CD150-;CD49b+;CD49b+;CD150-;CD150-;CD49b-
A11;11;1;LMPP;CD150int;CD150int;CD49b-;CD49b-;CD49b-
B11;11;2;LMPP;CD150int;CD150int;CD49b-;CD49b-;CD49b-
C11;11;3;LMPP;CD150int;CD150int;CD49b-;CD49b-;CD49b-
D11;11;4;LMPP;CD150int;CD150int;CD49b-;CD49b-;CD49b-
E11;11;5;LMPP;CD150int;CD150int;CD49b-;CD49b-;CD49b-
F11;11;6;LMPP;CD150int;CD150int;CD49b-;CD49b-;CD49b-
G11;11;7;LMPP;CD150int;CD150int;CD49b-;CD49b-;CD49b-
H11;11;8;LMPP;CD150int;CD150int;CD49b-;CD49b-;CD49b-
I11;11;9;LMPP;CD150int;CD150int;CD49b-;CD49b-;CD49b-
J11;11;10;LMPP;CD150int;CD150int;CD49b-;CD49b-;CD49b-
K11;11;11;LMPP;CD150int;CD150int;CD49b-;CD49b-;CD49b-
L11;11;12;LMPP;CD150int;CD150int;CD49b-;CD49b-;CD49b-
M11;11;13;LMPP;CD150int;CD150int;CD49b-;CD49b-;CD49b-
N11;11;14;LMPP;CD150int;CD150int;CD49b-;CD49b-;CD49b-
O11;11;15;LMPP;CD150int;CD150int;CD49b-;CD49b-;CD49b-
P11;11;16;LMPP;CD150int;CD150int;CD49b-;CD49b-;CD49b-
A12;12;1;GMP;CD150-;CD150-;CD49b-;CD49b-;CD49b+
B12;12;2;GMP;CD150-;CD150-;CD49b-;CD49b-;CD49b+
C12;12;3;GMP;CD150-;CD150-;CD49b-;CD49b-;CD49b+
D12;12;4;GMP;CD150-;CD150-;CD49b-;CD49b-;CD49b+
E12;12;5;GMP;CD150-;CD150-;CD49b-;CD49b-;CD49b+
F12;12;6;GMP;CD150-;CD150-;CD49b-;CD49b-;CD49b+
G12;12;7;GMP;CD150-;CD150-;CD49b-;CD49b-;CD49b+
H12;12;8;GMP;CD150-;CD150-;CD49b-;CD49b-;CD49b+
I12;12;9;GMP;CD150-;CD150-;CD49b-;CD49b-;CD49b+
J12;12;10;GMP;CD150-;CD150-;CD49b-;CD49b-;CD49b+
K12;12;11;GMP;CD150-;CD150-;CD49b-;CD49b-;CD49b+
L12;12;12;GMP;CD150-;CD150-;CD49b-;CD49b-;CD49b+
M12;12;13;GMP;CD150-;CD150-;CD49b-;CD49b-;CD49b+
N12;12;14;GMP;CD150-;CD150-;CD49b-;CD49b-;CD49b+
O12;12;15;GMP;CD150-;CD150-;CD49b-;CD49b-;CD49b+
P12;12;16;GMP;CD150-;CD150-;CD49b-;CD49b-;CD49b+
A13;13;1;CD49b-;CD49b-;CD49b-;CD49b-;CD49b-;CD49b+
B13;13;2;CD49b-;CD49b-;CD49b-;CD49b-;CD49b-;CD49b+
C13;13;3;CD49b-;CD49b-;CD49b-;CD49b-;CD49b-;CD49b+
D13;13;4;CD49b-;CD49b-;CD49b-;CD49b-;CD49b-;CD49b+
E13;13;5;CD49b-;CD49b-;CD49b-;CD49b-;CD49b-;CD49b+
F13;13;6;CD49b-;CD49b-;CD49b-;CD49b-;CD49b-;CD49b+
G13;13;7;CD49b-;CD49b-;CD49b-;CD49b-;CD49b-;CD49b+
H13;13;8;CD49b-;CD49b-;CD49b-;CD49b-;CD49b-;CD49b+
I13;13;9;CD49b-;CD49b-;CD49b-;CD49b-;CD49b-;CD49b+
J13;13;10;CD49b-;CD49b-;CD49b-;CD49b-;CD49b-;CD49b+
K13;13;11;CD49b-;CD49b-;CD49b-;CD49b-;CD49b-;CD49b+
L13;13;12;CD49b-;CD49b-;CD49b-;CD49b-;CD49b-;CD49b+
M13;13;13;CD49b-;CD49b-;CD49b-;CD49b-;CD49b-;CD49b+
N13;13;14;CD49b-;CD49b-;CD49b-;CD49b-;CD49b-;CD49b+
O13;13;15;CD49b-;CD49b-;CD49b-;CD49b-;CD49b-;CD49b+
P13;13;16;CD49b-;CD49b-;CD49b-;CD49b-;CD49b-;CD49b+
A14;14;1;CD49b+;CD49b+;CD49b+;CD49b+;CD49b+;CD49b+
B14;14;2;CD49b+;CD49b+;CD49b+;CD49b+;CD49b+;CD49b+
C14;14;3;CD49b+;CD49b+;CD49b+;CD49b+;CD49b+;CD49b+
D14;14;4;CD49b+;CD49b+;CD49b+;CD49b+;CD49b+;CD49b+
E14;14;5;CD49b+;CD49b+;CD49b+;CD49b+;CD49b+;CD49b+
F14;14;6;CD49b+;CD49b+;CD49b+;CD49b+;CD49b+;CD49b+
G14;14;7;CD49b+;CD49b+;CD49b+;CD49b+;CD49b+;CD49b+
H14;14;8;CD49b+;CD49b+;CD49b+;CD49b+;CD49b+;CD49b+
I14;14;9;CD49b+;CD49b+;CD49b+;CD49b+;CD49b+;CD49b+
J14;14;10;CD49b+;CD49b+;CD49b+;CD49b+;CD49b+;CD49b+
K14;14;11;CD49b+;CD49b+;CD49b+;CD49b+;CD49b+;CD49b+
L14;14;12;CD49b+;CD49b+;CD49b+;CD49b+;CD49b+;CD49b+
M14;14;13;CD49b+;CD49b+;CD49b+;CD49b+;CD49b+;CD49b+
N14;14;14;CD49b+;CD49b+;CD49b+;CD49b+;CD49b+;CD49b+
O14;14;15;CD49b+;CD49b+;CD49b+;CD49b+;CD49b+;CD49b+
P14;14;16;CD49b+;CD49b+;CD49b+;CD49b+;CD49b+;CD49b+
A15;15;1;CD150int;CD49b-;CD49b-;CD49b+;CD49b+;LMPP
B15;15;2;CD150int;CD49b-;CD49b-;CD49b+;CD49b+;LMPP
C15;15;3;CD150int;CD49b-;CD49b-;CD49b+;CD49b+;LMPP
D15;15;4;CD150int;CD49b-;CD49b-;CD49b+;CD49b+;LMPP
E15;15;5;CD150int;CD49b-;CD49b-;CD49b+;CD49b+;LMPP
F15;15;6;CD150int;CD49b-;CD49b-;CD49b+;CD49b+;LMPP
G15;15;7;CD150int;CD49b-;CD49b-;CD49b+;CD49b+;LMPP
H15;15;8;CD150int;CD49b-;CD49b-;CD49b+;CD49b+;LMPP
I15;15;9;CD150int;CD49b-;CD49b-;CD49b+;CD49b+;LMPP
J15;15;10;CD150int;CD49b-;CD49b-;CD49b+;CD49b+;LMPP
K15;15;11;CD150int;CD49b-;CD49b-;CD49b+;CD49b+;LMPP
L15;15;12;CD150int;CD49b-;CD49b-;CD49b+;CD49b+;LMPP
M15;15;13;CD150int;CD49b-;CD49b-;CD49b+;CD49b+;LMPP
N15;15;14;CD150int;CD49b-;CD49b-;CD49b+;CD49b+;LMPP
O15;15;15;CD150int;CD49b-;CD49b-;CD49b+;CD49b+;LMPP
P15;15;16;CD150int;CD49b-;CD49b-;CD49b+;CD49b+;LMPP
A16;16;1;CD150-;CD49b+;CD49b+;CD49b+;CD49b+;GMP
B16;16;2;CD150-;CD49b+;CD49b+;CD49b+;CD49b+;GMP
C16;16;3;CD150-;CD49b+;CD49b+;CD49b+;CD49b+;GMP
D16;16;4;CD150-;CD49b+;CD49b+;CD49b+;CD49b+;GMP
E16;16;5;CD150-;CD49b+;CD49b+;CD49b+;CD49b+;GMP
F16;16;6;CD150-;CD49b+;CD49b+;CD49b+;CD49b+;GMP
G16;16;7;CD150-;CD49b+;CD49b+;CD49b+;CD49b+;GMP
H16;16;8;CD150-;CD49b+;CD49b+;CD49b+;CD49b+;GMP
I16;16;9;CD150-;CD49b+;CD49b+;CD49b+;CD49b+;GMP
J16;16;10;CD150-;CD49b+;CD49b+;CD49b+;CD49b+;GMP
K16;16;11;CD150-;CD49b+;CD49b+;CD49b+;CD49b+;GMP
L16;16;12;CD150-;CD49b+;CD49b+;CD49b+;CD49b+;GMP
M16;16;13;CD150-;CD49b+;CD49b+;CD49b+;CD49b+;GMP
N16;16;14;CD150-;CD49b+;CD49b+;CD49b+;CD49b+;GMP
O16;16;15;CD150-;CD49b+;CD49b+;CD49b+;CD49b+;GMP
P16;16;16;CD150-;CD49b+;CD49b+;CD49b+;CD49b+;GMP
A17;17;1;LMPP;CD49b-;CD49b-;CD150int;CD150int;CD49b-
B17;17;2;LMPP;CD49b-;CD49b-;CD150int;CD150int;CD49b-
C17;17;3;LMPP;CD49b-;CD49b-;CD150int;CD150int;CD49b-
D17;17;4;LMPP;CD49b-;CD49b-;CD150int;CD150int;CD49b-
E17;17;5;LMPP;CD49b-;CD49b-;CD150int;CD150int;CD49b-
F17;17;6;LMPP;CD49b-;CD49b-;CD150int;CD150int;CD49b-
G17;17;7;LMPP;CD49b-;CD49b-;CD150int;CD150int;CD49b-
H17;17;8;LMPP;CD49b-;CD49b-;CD150int;CD150int;CD49b-
I17;17;9;LMPP;CD49b-;CD49b-;CD150int;CD150int;CD49b-
J17;17;10;LMPP;CD49b-;CD49b-;CD150int;CD150int;CD49b-
K17;17;11;LMPP;CD49b-;CD49b-;CD150int;CD150int;CD49b-
L17;17;12;LMPP;CD49b-;CD49b-;CD150int;CD150int;CD49b-
M17;17;13;LMPP;CD49b-;CD49b-;CD150int;CD150int;CD49b-
N17;17;14;LMPP;CD49b-;CD49b-;CD150int;CD150int;CD49b-
O17;17;15;LMPP;CD49b-;CD49b-;CD150int;CD150int;CD49b-
P17;17;16;LMPP;CD49b-;CD49b-;CD150int;CD150int;CD49b-
A18;18;1;GMP;CD49b+;CD49b+;CD150int;CD150int;CD49b-
B18;18;2;GMP;CD49b+;CD49b+;CD150int;CD150int;CD49b-
C18;18;3;GMP;CD49b+;CD49b+;CD150int;CD150int;CD49b-
D18;18;4;GMP;CD49b+;CD49b+;CD150int;CD150int;CD49b-
E18;18;5;GMP;CD49b+;CD49b+;CD150int;CD150int;CD49b-
F18;18;6;GMP;CD49b+;CD49b+;CD150int;CD150int;CD49b-
G18;18;7;GMP;CD49b+;CD49b+;CD150int;CD150int;CD49b-
H18;18;8;GMP;CD49b+;CD49b+;CD150int;CD150int;CD49b-
I18;18;9;GMP;CD49b+;CD49b+;CD150int;CD150int;CD49b-
J18;18;10;GMP;CD49b+;CD49b+;CD150int;CD150int;CD49b-
K18;18;11;GMP;CD49b+;CD49b+;CD150int;CD150int;CD49b-
L18;18;12;GMP;CD49b+;CD49b+;CD150int;CD150int;CD49b-
M18;18;13;GMP;CD49b+;CD49b+;CD150int;CD150int;CD49b-
N18;18;14;GMP;CD49b+;CD49b+;CD150int;CD150int;CD49b-
O18;18;15;GMP;CD49b+;CD49b+;CD150int;CD150int;CD49b-
P18;18;16;GMP;CD49b+;CD49b+;CD150int;CD150int;CD49b-
A19;19;1;CD49b-;LMPP;LMPP;CD150-;CD150-;CD49b-
B19;19;2;CD49b-;LMPP;LMPP;CD150-;CD150-;CD49b-
C19;19;3;CD49b-;LMPP;LMPP;CD150-;CD150-;CD49b-
D19;19;4;CD49b-;LMPP;LMPP;CD150-;CD150-;CD49b-
E19;19;5;CD49b-;LMPP;LMPP;CD150-;CD150-;CD49b-
F19;19;6;CD49b-;LMPP;LMPP;CD150-;CD150-;CD49b-
G19;19;7;CD49b-;LMPP;LMPP;CD150-;CD150-;CD49b-
H19;19;8;CD49b-;LMPP;LMPP;CD150-;CD150-;CD49b-
I19;19;9;CD49b-;LMPP;LMPP;CD150-;CD150-;CD49b-
J19;19;10;CD49b-;LMPP;LMPP;CD150-;CD150-;CD49b-
K19;19;11;CD49b-;LMPP;LMPP;CD150-;CD150-;CD49b-
L19;19;12;CD49b-;LMPP;LMPP;CD150-;CD150-;CD49b-
M19;19;13;CD49b-;LMPP;LMPP;CD150-;CD150-;CD49b-
N19;19;14;CD49b-;LMPP;LMPP;CD150-;CD150-;CD49b-
O19;19;15;CD49b-;LMPP;LMPP;CD150-;CD150-;CD49b-
P19;19;16;CD49b-;LMPP;LMPP;CD150-;CD150-;CD49b-
A20;20;1;CD49b+;GMP;GMP;CD150-;CD150-;CD49b+
B20;20;2;CD49b+;GMP;GMP;CD150-;CD150-;CD49b+
C20;20;3;CD49b+;GMP;GMP;CD150-;CD150-;CD49b+
D20;20;4;CD49b+;GMP;GMP;CD150-;CD150-;CD49b+
E20;20;5;CD49b+;GMP;GMP;CD150-;CD150-;CD49b+
F20;20;6;CD49b+;GMP;GMP;CD150-;CD150-;CD49b+
G20;20;7;CD49b+;GMP;GMP;CD150-;CD150-;CD49b+
H20;20;8;CD49b+;GMP;GMP;CD150-;CD150-;CD49b+
I20;20;9;CD49b+;GMP;GMP;CD150-;CD150-;CD49b+
J20;20;10;CD49b+;GMP;GMP;CD150-;CD150-;CD49b+
K20;20;11;CD49b+;GMP;GMP;CD150-;CD150-;CD49b+
L20;20;12;CD49b+;GMP;GMP;CD150-;CD150-;CD49b+
M20;20;13;CD49b+;GMP;GMP;CD150-;CD150-;CD49b+
N20;20;14;CD49b+;GMP;GMP;CD150-;CD150-;CD49b+
O20;20;15;CD49b+;GMP;GMP;CD150-;CD150-;CD49b+
P20;20;16;CD49b+;GMP;GMP;CD150-;CD150-;CD49b+
A21;21;1;CD150int;MkP;MkP;LMPP;LMPP;CD49b+
B21;21;2;CD150int;MkP;MkP;LMPP;LMPP;CD49b+
C21;21;3;CD150int;MkP;MkP;LMPP;LMPP;CD49b+
D21;21;4;CD150int;MkP;MkP;LMPP;LMPP;CD49b+
E21;21;5;CD150int;MkP;MkP;LMPP;LMPP;CD49b+
F21;21;6;CD150int;MkP;MkP;LMPP;LMPP;CD49b+
G21;21;7;CD150int;MkP;MkP;LMPP;LMPP;CD49b+
H21;21;8;CD150int;MkP;MkP;LMPP;LMPP;CD49b+
I21;21;9;CD150int;MkP;MkP;CFU-E;CFU-E;CD49b+
J21;21;10;CD150int;MkP;MkP;CFU-E;CFU-E;CD49b+
K21;21;11;CD150int;MkP;MkP;CFU-E;CFU-E;CD49b+
L21;21;12;CD150int;MkP;MkP;CFU-E;CFU-E;CD49b+
M21;21;13;CD150int;MkP;MkP;CFU-E;CFU-E;CD49b+
N21;21;14;CD150int;MkP;MkP;CFU-E;CFU-E;CD49b+
O21;21;15;CD150int;MkP;MkP;CFU-E;CFU-E;CD49b+
P21;21;16;CD150int;MkP;MkP;CFU-E;CFU-E;CD49b+
A22;22;1;CD150-;CFU-E;CFU-E;MkP;MkP;CD49b+
B22;22;2;CD150-;CFU-E;CFU-E;MkP;MkP;CD49b+
C22;22;3;CD150-;CFU-E;CFU-E;MkP;MkP;CD49b+
D22;22;4;CD150-;CFU-E;CFU-E;MkP;MkP;CD49b+
E22;22;5;CD150-;CFU-E;CFU-E;MkP;MkP;CD49b+
F22;22;6;CD150-;CFU-E;CFU-E;MkP;MkP;CD49b+
G22;22;7;CD150-;CFU-E;CFU-E;MkP;MkP;CD49b+
H22;22;8;CD150-;CFU-E;CFU-E;MkP;MkP;CD49b+
I22;22;9;CD150-;CFU-E;CFU-E;GMP;GMP;CD49b+
J22;22;10;CD150-;CFU-E;CFU-E;GMP;GMP;CD49b+
K22;22;11;CD150-;CFU-E;CFU-E;GMP;GMP;CD49b+
L22;22;12;CD150-;CFU-E;CFU-E;GMP;GMP;CD49b+
M22;22;13;CD150-;CFU-E;CFU-E;GMP;GMP;CD49b+
N22;22;14;CD150-;CFU-E;CFU-E;GMP;GMP;CD49b+
O22;22;15;CD150-;CFU-E;CFU-E;GMP;GMP;CD49b+
P22;22;16;CD150-;CFU-E;CFU-E;GMP;GMP;CD49b+
A23;23;1;LMPP;LMPP;LMPP;LMPP;LMPP;LMPP
B23;23;2;LMPP;LMPP;LMPP;LMPP;LMPP;LMPP
C23;23;3;LMPP;LMPP;LMPP;LMPP;LMPP;LMPP
D23;23;4;LMPP;LMPP;LMPP;LMPP;LMPP;LMPP
E23;23;5;LMPP;LMPP;LMPP;LMPP;LMPP;LMPP
F23;23;6;LMPP;LMPP;LMPP;LMPP;LMPP;LMPP
G23;23;7;LMPP;LMPP;LMPP;LMPP;LMPP;LMPP
H23;23;8;LMPP;MkP;MkP;LMPP;LMPP;LMPP
I23;23;9;LMPP;MkP;MkP;CFU-E;CFU-E;LMPP
J23;23;10;LMPP;MkP;MkP;CFU-E;CFU-E;LMPP
K23;23;11;LMPP;MkP;MkP;CFU-E;CFU-E;LMPP
L23;23;12;LMPP;MkP;MkP;CFU-E;CFU-E;LMPP
M23;23;13;LMPP;MkP;MkP;CFU-E;CFU-E;LMPP
N23;23;14;LMPP;MkP;MkP;CFU-E;CFU-E;LMPP
O23;23;15;LMPP;MkP;MkP;CFU-E;CFU-E;LMPP
P23;23;16;empty;empty;empty;empty;empty;empty
A24;24;1;GMP;GMP;GMP;MkP;MkP;GMP
B24;24;2;GMP;GMP;GMP;MkP;MkP;GMP
C24;24;3;GMP;GMP;GMP;MkP;MkP;GMP
D24;24;4;GMP;GMP;GMP;MkP;MkP;GMP
E24;24;5;GMP;GMP;GMP;MkP;MkP;GMP
F24;24;6;GMP;GMP;GMP;MkP;MkP;GMP
G24;24;7;GMP;GMP;GMP;MkP;MkP;GMP
H24;24;8;GMP;CFU-E;CFU-E;MkP;MkP;GMP
I24;24;9;GMP;CFU-E;CFU-E;GMP;GMP;GMP
J24;24;10;GMP;CFU-E;CFU-E;GMP;GMP;GMP
K24;24;11;GMP;CFU-E;CFU-E;GMP;GMP;GMP
L24;24;12;GMP;CFU-E;CFU-E;GMP;GMP;GMP
M24;24;13;GMP;CFU-E;CFU-E;GMP;GMP;GMP
N24;24;14;GMP;CFU-E;CFU-E;GMP;GMP;GMP
O24;24;15;GMP;CFU-E;CFU-E;GMP;GMP;GMP
P24;24;16;empty;empty;empty;empty;empty;empty